un_name,iso2,iso3,fips_gdelt_code,distinct_days,avg_articles_per_day
Afghanistan,AF,AFG,AF,184,4746.0
Albania,AL,ALB,AL,184,5361.5
Algeria,DZ,DZA,AG,184,2839.2
Andorra,AD,AND,AN,184,326.9
Angola,AO,AGO,AO,184,697.9
Antigua and Barbuda,AG,ATG,AC,184,74.5
Argentina,AR,ARG,AR,184,21102.2
Armenia,AM,ARM,AM,184,5822.9
Australia,AU,AUS,AS,184,45717.4
Austria,AT,AUT,AU,184,10575.2
Azerbaijan,AZ,AZE,AJ,184,4924.4
Bahamas,BS,BHS,BF,184,866.5
Bahrain,BH,BHR,BA,184,3324.7
Bangladesh,BD,BGD,BG,184,6264.7
Barbados,BB,BRB,BB,184,247.8
Belarus,BY,BLR,BO,184,4310.5
Belgium,BE,BEL,BE,184,9052.3
Belize,BZ,BLZ,BH,184,376.9
Benin,BJ,BEN,BN,184,268.9
Bhutan,BT,BTN,BT,184,172.3
Bolivia,BO,BOL,BL,184,2176.4
Bosnia and Herzegovina,BA,BIH,BK,184,1398.0
Botswana,BW,BWA,BC,184,245.9
Brazil,BR,BRA,BR,184,32395.3
Brunei,BN,BRN,BX,184,1077.1
Bulgaria,BG,BGR,BU,184,8053.7
Burkina Faso,BF,BFA,UV,184,517.2
Burundi,BI,BDI,BY,184,166.2
Cambodia,KH,KHM,CB,184,1347.2
Cameroon,CM,CMR,CM,184,1117.6
Canada,CA,CAN,CA,184,50674.9
Cape Verde,CV,CPV,CV,184,652.2
Central African Republic,CF,CAF,CT,184,105.3
Chad,TD,TCD,CD,184,451.0
Chile,CL,CHL,CI,184,6244.4
China,CN,CHN,CH,184,197973.6
Colombia,CO,COL,CO,184,17384.1
Comoros,KM,COM,CN,184,46.3
Congo (Democratic Republic of),CD,COD,CG,184,915.8
Congo (Republic of),CG,COG,CF,184,2228.0
Costa Rica,CR,CRI,CS,184,455.9
Cote d'Ivoire,CI,CIV,IV,184,497.0
Croatia,HR,HRV,HR,184,7369.6
Cuba,CU,CUB,CU,184,9718.7
Cyprus,CY,CYP,CY,184,5472.0
Czech Republic,CZ,CZE,EZ,184,7758.2
Denmark,DK,DNK,DA,184,5993.0
Djibouti,DJ,DJI,DJ,184,1267.9
Dominica,DM,DMA,DO,184,212.0
Dominican Republic,DO,DOM,DR,184,579.3
Ecuador,EC,ECU,EC,184,3122.1
Egypt,EG,EGY,EG,184,18377.1
El Salvador,SV,SLV,ES,184,630.9
Equatorial Guinea,GQ,GNQ,EK,184,143.3
Eritrea,ER,ERI,ER,184,166.2
Estonia,EE,EST,EN,184,1969.4
Eswatini,SZ,SWZ,WZ,179,23.2
Ethiopia,ET,ETH,ET,184,1084.3
Fiji,FJ,FJI,FJ,184,724.9
Finland,FI,FIN,FI,184,7400.4
France,FR,FRA,FR,184,49302.3
Gabon,GA,GAB,GB,184,288.9
Gambia,GM,GMB,GA,184,345.2
Georgia,GE,GEO,GG,184,1447.9
Germany,DE,DEU,GM,184,62907.7
Ghana,GH,GHA,GH,184,2863.1
Greece,GR,GRC,GR,184,29080.1
Grenada,GD,GRD,GJ,184,183.5
Guatemala,GT,GTM,GT,184,1105.0
Guinea,GN,GIN,GV,184,846.0
Guinea-Bissau,GW,GNB,PU,184,117.3
Guyana,GY,GUY,GY,184,586.3
Haiti,HT,HTI,HA,184,1591.8
Honduras,HN,HND,HO,184,890.0
Hong Kong,HK,HKG,HK,184,7933.0
Hungary,HU,HUN,HU,184,11043.9
Iceland,IS,ISL,IC,184,1363.0
India,IN,IND,IN,184,83244.5
Indonesia,ID,IDN,ID,184,38081.5
Iran,IR,IRN,IR,184,166780.4
Iraq,IQ,IRQ,IZ,184,9614.7
Ireland,IE,IRL,EI,184,13066.3
Israel,IL,ISR,IS,184,78005.5
Italy,IT,ITA,IT,184,68971.5
Jamaica,JM,JAM,JM,184,885.8
Japan,JP,JPN,JA,184,36139.6
Jordan,JO,JOR,JO,184,4406.6
Kazakhstan,KZ,KAZ,KZ,184,2791.1
Kenya,KE,KEN,KE,184,3621.3
Kiribati,KI,KIR,KR,182,30.0
Kosovo,,,KV,184,3094.1
Kuwait,KW,KWT,KU,184,3903.9
Kyrgyzstan,KG,KGZ,KG,184,1504.6
Laos,LA,LAO,LA,184,726.2
Latvia,LV,LVA,LG,184,2768.3
Lebanon,LB,LBN,LE,184,23009.3
Lesotho,LS,LSO,LT,184,147.9
Liberia,LR,LBR,LI,184,837.3
Libya,LY,LBY,LY,184,2129.0
Liechtenstein,LI,LIE,LS,184,108.6
Lithuania,LT,LTU,LH,184,6937.6
Luxembourg,LU,LUX,LU,184,1187.3
Macau,MO,MAC,MC,184,826.8
Madagascar,MG,MDG,MA,184,392.7
Malawi,MW,MWI,MI,184,617.5
Malaysia,MY,MYS,MY,184,4132.1
Maldives,MV,MDV,MV,184,512.7
Mali,ML,MLI,ML,184,1461.2
Malta,MT,MLT,MT,184,696.8
Marshall Islands,MH,MHL,RM,184,71.5
Mauritania,MR,MRT,MR,184,490.3
Mauritius,MU,MUS,MP,184,1189.4
Mexico,MX,MEX,MX,184,41693.0
Micronesia,FM,FSM,FM,183,63.4
Moldova,MD,MDA,MD,184,4152.6
Monaco,MC,MCO,MN,184,979.0
Mongolia,MN,MNG,MG,184,1072.2
Montenegro,ME,MNE,MJ,184,827.4
Morocco,MA,MAR,MO,184,6794.3
Mozambique,MZ,MOZ,MZ,184,463.6
Myanmar,MM,MMR,BM,184,491.5
Namibia,NA,NAM,WA,184,661.9
Nauru,NR,NRU,NR,183,65.0
Nepal,NP,NPL,NP,184,4875.4
Netherlands,NL,NLD,NL,184,9371.0
New Zealand,NZ,NZL,NZ,184,6677.8
Nicaragua,NI,NIC,NU,184,595.8
Niger,NE,NER,NG,184,599.0
Nigeria,NG,NGA,NI,184,14488.1
North Korea,KP,PRK,KN,184,2867.1
North Macedonia,MK,MKD,MK,184,5803.4
Norway,NO,NOR,NO,184,7284.0
Oman,OM,OMN,MU,184,3808.1
Pakistan,PK,PAK,PK,184,20304.1
Palau,PW,PLW,PS,184,210.8
Panama,PA,PAN,PM,184,2191.1
Papua New Guinea,PG,PNG,PP,184,350.5
Paraguay,PY,PRY,PA,184,2125.8
Peru,PE,PER,PE,184,7458.8
Philippines,PH,PHL,RP,184,7631.0
Poland,PL,POL,PL,184,17033.3
Portugal,PT,PRT,PO,184,10478.8
Qatar,QA,QAT,QA,184,6892.6
Romania,RO,ROU,RO,184,19729.2
Russia,RU,RUS,RS,184,113175.3
Rwanda,RW,RWA,RW,184,835.3
Saint Kitts and Nevis,KN,KNA,SC,172,26.3
Saint Lucia,LC,LCA,ST,184,55.3
Saint Vincent and the Grenadines,VC,VCT,VC,184,181.0
Samoa,WS,WSM,WS,184,139.9
San Marino,SM,SMR,SM,184,40.7
Sao Tome and Principe,ST,STP,TP,184,60.8
Saudi Arabia,SA,SAU,SA,184,14353.5
Senegal,SN,SEN,SG,184,2170.5
Serbia,RS,SRB,RI,184,7051.6
Seychelles,SC,SYC,SE,184,304.9
Sierra Leone,SL,SLE,SL,184,194.3
Singapore,SG,SGP,SN,184,4196.9
Slovakia,SK,SVK,LO,184,2308.9
Slovenia,SI,SVN,SI,184,2757.9
Solomon Islands,SB,SLB,BP,184,219.3
Somalia,SO,SOM,SO,184,1312.5
South Africa,ZA,ZAF,SF,184,7624.7
South Korea,KR,KOR,KS,184,20819.7
South Sudan,SS,SSD,OD,184,488.0
Spain,ES,ESP,SP,184,57101.3
Sri Lanka,LK,LKA,CE,184,2899.3
Sudan,SD,SDN,SU,184,2759.3
Suriname,SR,SUR,NS,184,259.1
Sweden,SE,SWE,SW,184,16386.2
Switzerland,CH,CHE,SZ,184,12810.9
Syria,SY,SYR,SY,184,6861.3
Taiwan,TW,TWN,TW,184,29483.9
Tajikistan,TJ,TJK,TI,184,483.7
Tanzania,TZ,TZA,TZ,184,913.0
Thailand,TH,THA,TH,184,9292.8
Timor-Leste,TL,TLS,TT,184,203.0
Togo,TG,TGO,TO,184,179.5
Tonga,TO,TON,TN,184,131.3
Trinidad and Tobago,TT,TTO,TD,184,301.0
Tunisia,TN,TUN,TS,184,2065.1
Turkey,TR,TUR,TU,184,49911.0
Turkmenistan,TM,TKM,TX,184,485.7
Tuvalu,TV,TUV,TV,184,58.8
Uganda,UG,UGA,UG,184,2141.8
Ukraine,UA,UKR,UP,184,85297.7
United Arab Emirates,AE,ARE,AE,184,7877.8
United Kingdom,GB,GBR,UK,184,95630.0
United States,US,USA,US,184,372708.2
Uruguay,UY,URY,UY,184,1958.9
Uzbekistan,UZ,UZB,UZ,184,1394.8
Vanuatu,VU,VUT,NH,184,166.7
Venezuela,VE,VEN,VE,184,15314.7
Vietnam,VN,VNM,VM,184,21611.3
Yemen,YE,YEM,YM,184,2511.4
Zambia,ZM,ZMB,ZA,184,724.8
Zimbabwe,ZW,ZWE,ZI,184,1310.8
